sgds_point,id,a' c[h]as,a' chas b[h]eag,leis an [t-]sùil,f[h]ir bhig,a' chathair b[h]eag,an f[h]ir bhig,na balaich b[h]eaga,an t-sùil g[h]las,fhir b[h]ig,an [t-]sùil,an fhir b[h]ig,le sùil g[h]lais,fh[i]r bhig,[na] mnatha,[na] sùla glaise,[na] coise bige,an fh[i]r bhig,na [c]oise bige,na casan beag[a],fhir bh[i]g,na [mnatha],na cathraichean beag[a],[na] bà,an fhir bh[i]g,[na] cathrach bige,na balaich bheag[a],na sùla [g]laise,na sùilean glas[a],na [bà],na c[oi]se bige,na coise b[i]ge,nam [fear] beaga,na coise [b]ige,leis a' cho[i]s bhig,na cois[e] bige,don [bhoin],na cathrach b[i]ge,don [mhnaoi],na coise big[e],le c[oi]s bhig,na sùl[a] glaise,leis a' chois bh[i]g,leis an t-sùil g[h]lais,an [z]ùil ghlas,dà mhnaoi mhò[i]r,dà mhnaoi m[h]òir,le cois bh[i]g,na sùla gla[i]se,le sùil gla[i]s,leis an t-sùil ghla[i]s,na [cathrach] bige,na [sùla] glaise,dà [mhnaoi],nan [cas] beaga,nan [sùl] glas,district,township,total_1891,gaelic_1891,mono_1891,lat,lon,gender,yob,aggregate
Port of Ness,1,1,1,1,1,1,1,1,1,1,1,1,1,1,1,0,1,1,1,1,1,1,0,1,1,0,0,0,0,1,0,1,0,1,0,0,0,0,0,1,NA,0,0,1,1,0,1,NA,0,0,0,0,0,0,0,0,Lewis,Port of Ness,195,188,161,58.485015,-6.2394745,f,1922,29
Upper Shader,2,1,1,1,1,1,1,1,1,1,1,1,NA,1,1,0,0,0,0,1,1,0,1,1,0,0,1,0,0,1,0,0,0,0,0,0,0,0,0,0,0,0,0,1,1,0,1,0,0,NA,0,0,0,0,0,0,Lewis,Upper Shader,207,181,93,58.395686,-6.4856591,m,1913,22
Bragar,3,1,1,1,1,1,1,1,1,1,1,1,1,1,1,1,1,1,1,1,1,1,1,1,1,1,1,1,0,1,1,1,0,1,1,1,1,1,1,1,0,1,1,1,1,0,1,0,0,0,0,1,1,0,0,0,Lewis,Bragar,652,381,264,58.327547,-6.6308872,m,1898,44
Carloway,4,1,1,1,1,1,1,1,1,1,1,1,NA,1,1,1,0,1,0,1,1,1,1,1,1,1,1,0,0,1,0,0,0,0,0,0,0,0,0,0,0,0,0,1,1,0,1,0,0,NA,0,0,0,0,0,0,Lewis,Carloway,321,306,242,58.277151,-6.7779689,f,1892,27
Brenish,5,1,1,1,1,1,1,1,1,1,1,1,1,1,1,1,1,1,1,1,1,1,1,1,1,1,1,0,0,1,1,1,0,1,1,1,1,0,0,1,0,0,1,1,1,0,1,0,0,0,0,0,0,0,0,0,Lewis,Brenish,304,282,74,58.106276,-7.0987544,m,1910,38
North Tolsta,6,1,1,1,1,1,1,1,1,1,1,1,1,1,0,NA,0,1,0,1,1,0,0,1,1,0,1,NA,NA,1,0,0,1,0,0,0,0,0,0,0,0,NA,0,1,1,0,1,0,NA,0,0,0,NA,0,0,0,Lewis,North Tolsta,597,559,431,58.341708,-6.2222637,m,1897,24
Lower Pabail,7,1,1,1,1,1,1,1,1,1,1,1,1,1,1,NA,1,0,1,1,1,1,1,1,0,1,1,NA,0,1,0,0,1,0,0,0,1,0,0,0,0,NA,0,1,1,0,1,0,NA,0,0,0,NA,0,0,0,Lewis,Lower Pabail,481,446,254,58.19727,-6.2391481,m,1897,29
Leurbost,8,1,1,1,1,1,1,1,1,1,1,1,1,1,0,0,0,1,0,1,1,0,1,1,1,0,1,0,1,1,0,0,0,0,0,0,0,0,0,0,0,0,0,1,1,0,1,0,0,0,0,0,0,0,0,0,Lewis,Leurbost,608,584,459,58.143078,-6.4657222,m,1929,25
Gravir,9,1,1,1,1,1,1,1,1,1,1,1,1,1,1,1,1,1,1,0,1,1,1,1,1,1,1,1,1,1,1,1,0,1,0,1,1,1,0,1,0,1,1,1,1,0,1,0,1,0,0,0,0,0,0,0,Lewis,Gravir,389,368,284,58.054495,-6.4424945,m,1896,41
Scarp,10,1,1,NA,NA,NA,1,1,1,NA,1,1,NA,NA,1,1,1,1,1,1,NA,1,0,1,1,NA,1,0,1,1,1,1,0,1,1,1,1,NA,0,1,1,0,1,NA,1,0,1,1,0,NA,NA,NA,0,0,0,0,Harris,Scarp,143,132,52,58.03024,-7.1355612,f,1904,31
Ardhasaig,11,1,1,NA,NA,1,1,1,1,NA,1,1,NA,NA,1,NA,1,1,1,1,NA,1,1,1,1,1,1,NA,NA,1,1,1,0,1,NA,1,1,1,0,1,1,NA,NA,NA,1,0,1,1,NA,NA,NA,0,NA,0,0,NA,Harris,Ardhasaig,449,426,150,57.92617,-6.8333624,m,1895,31
Grosebay,12,1,1,NA,1,NA,1,1,1,1,1,1,1,1,1,1,1,1,1,1,1,1,NA,1,1,NA,1,0,NA,1,0,0,0,0,1,0,1,NA,0,0,1,1,1,NA,1,0,1,1,0,0,NA,NA,1,0,0,0,Harris,Grosebay,315,301,168,57.840502,-6.7838697,f,1890,32
Leverburgh,13,1,1,NA,NA,NA,1,1,1,NA,1,1,NA,NA,1,1,1,1,1,1,NA,1,1,1,1,NA,1,1,1,1,0,0,0,0,1,0,1,NA,0,0,1,1,1,NA,1,0,1,1,0,0,NA,NA,1,0,0,0,Harris,Leverburgh,515,485,145,57.763186,-6.9996067,m,1876,30
St Kilda 1,14,1,1,1,1,1,1,1,1,1,1,1,1,1,1,1,1,1,1,0,1,1,0,1,1,1,0,0,0,1,1,1,0,1,0,1,1,1,1,0,0,0,0,1,1,1,1,0,0,0,0,0,0,1,0,0,St Kilda,St Kilda 1,71,71,56,57.77252641848676,-8.572205459521705,m,1897,36
St Kilda 2,15,1,1,1,1,1,1,1,1,1,1,1,1,1,1,1,1,1,1,1,1,1,1,1,1,0,0,0,0,1,1,1,0,1,0,1,0,1,0,0,0,0,0,1,1,1,1,0,0,0,0,0,0,0,0,0,St Kilda,St Kilda 2,71,71,56,57.82593519363484,-8.596985997092652,m,1886,34
St Kilda 3,16,1,1,1,1,NA,1,1,1,1,1,1,NA,1,0,0,0,1,0,1,1,0,1,0,1,0,0,0,0,0,0,0,NA,0,0,0,0,0,0,0,NA,0,0,1,1,0,0,NA,0,NA,0,0,0,0,0,0,St Kilda,St Kilda 3,71,71,56,57.85679825503435,-8.57513583317425,m,1906,18
Malaclett,17,1,1,1,1,1,1,1,1,1,1,1,1,1,1,1,1,1,1,1,1,1,1,1,1,1,1,1,1,1,1,1,0,1,1,1,1,1,0,1,1,1,1,1,1,1,1,1,1,1,1,0,1,0,0,0,North Uist,Malaclett,34,33,25,57.653084,-7.3638748,m,1885,49
Middlequarter,18,1,1,1,1,1,1,1,1,1,1,1,1,1,1,1,1,0,1,1,1,1,1,1,0,1,1,0,1,1,0,0,1,0,1,0,1,0,1,0,1,0,1,1,1,1,1,1,0,0,0,0,0,0,0,0,North Uist,Middlequarter,292,282,173,57.653326,-7.365153,m,1881,37
Sollas,19,1,1,1,1,1,1,1,1,1,1,1,NA,1,1,1,1,1,1,0,1,1,1,1,1,1,1,1,1,1,1,1,0,1,1,1,1,0,0,1,1,1,1,1,1,0,1,1,0,NA,0,0,0,0,0,0,North Uist,Sollas,292,282,173,57.653629,-7.3637374,m,1881,41
Knockline,20,1,1,1,1,1,1,1,1,1,1,1,NA,1,1,1,1,0,1,1,1,1,1,1,1,1,1,0,1,1,1,1,0,0,0,0,1,0,0,0,NA,0,1,1,1,0,1,NA,0,NA,0,0,0,0,0,0,North Uist,Knockline,290,271,226,57.584627,-7.4404794,m,1893,33
Baleshare,21,1,1,1,1,1,1,1,1,1,1,1,NA,1,1,1,1,1,1,1,1,1,1,1,1,0,1,1,1,1,1,1,0,0,0,0,NA,0,0,1,0,0,0,1,1,0,1,0,1,NA,0,0,0,0,0,0,North Uist,Baleshare,324,288,112,57.524175,-7.3812633,f,1905,34
Hacleit,22,1,1,1,NA,NA,NA,NA,1,NA,1,NA,0,NA,1,1,1,NA,1,1,NA,1,NA,1,NA,NA,NA,1,1,1,1,0,1,1,1,1,1,NA,0,0,0,1,1,1,1,0,1,0,1,1,0,NA,0,0,0,0,Benbecula,Hacleit,231,219,108,57.412839,-7.3196678,m,1892,28
West Gerinish,23,1,1,1,1,1,1,1,1,1,1,1,1,1,1,1,1,1,1,1,1,1,1,1,1,1,1,1,1,1,1,1,0,1,1,1,1,0,1,1,1,1,1,1,1,0,1,1,1,1,1,0,0,0,0,0,South Uist,West Gerinish,119,117,67,57.382123,-7.4067502,f,1899,47
Bornish,24,1,1,1,1,NA,1,1,1,1,1,1,1,1,1,1,1,1,1,1,1,1,NA,1,1,NA,1,1,1,1,1,1,0,1,1,1,1,NA,1,1,NA,1,1,1,1,0,1,NA,1,0,0,NA,0,0,0,0,South Uist,Bornish,111,107,70,57.279604,-7.410428,m,1880,40
South Lochboisdale,25,1,1,1,1,1,1,1,0,1,1,1,NA,1,1,1,1,1,1,1,1,1,0,1,1,1,1,1,1,1,1,1,0,1,1,1,1,0,1,1,NA,0,1,1,1,0,1,NA,0,NA,0,1,0,1,0,0,South Uist,South Lochboisdale,176,163,153,57.144486,-7.305958,m,1890,40
Baile,26,1,1,1,1,NA,1,1,1,1,1,1,1,1,1,1,1,1,1,1,1,1,NA,1,1,1,1,1,1,1,1,1,0,1,1,1,1,1,0,1,NA,1,0,1,1,0,1,NA,1,0,0,0,0,1,0,0,Eriskay,Baile,454,424,194,57.087204,-7.2907767,m,1895,41
Eoligarry,27,1,1,NA,NA,1,1,1,1,NA,1,1,1,NA,1,1,1,1,1,1,NA,1,1,1,1,NA,1,0,1,1,1,0,0,0,NA,0,NA,NA,1,0,1,0,NA,NA,1,0,1,1,0,0,NA,NA,0,0,0,0,Barra,Eoligarry,261,241,167,56.991102,-7.4065305,m,1883,28
Castlebay 1,28,1,1,1,1,1,1,1,1,1,1,1,1,1,1,1,1,1,1,1,1,1,1,1,1,1,1,1,1,1,1,1,1,1,1,1,1,1,1,1,1,1,1,1,1,1,1,1,1,1,1,0,0,0,0,0,Barra,Castlebay 1,82,63,6,56.957569,-7.4899858,m,1887,50
Castlebay 2,29,1,1,1,1,1,1,1,1,1,1,1,1,1,1,1,1,1,1,1,1,1,1,1,1,1,1,0,1,1,1,1,0,1,1,1,1,1,1,1,1,0,1,1,1,1,1,1,0,1,1,0,0,1,0,0,Barra,Castlebay 2,82,63,6,56.95786,-7.4921703,m,1882,47
Castlebay 3,30,1,1,1,1,1,1,1,1,1,1,1,1,1,1,1,1,1,1,1,1,1,1,1,1,1,1,0,1,1,1,1,1,1,1,1,1,0,1,1,1,0,1,1,1,0,1,1,0,1,1,1,0,0,0,0,Barra,Castlebay 3 [recte Glen],322,285,66,56.958197,-7.4916599,f,1886,46
Shannochie,31,1,1,1,1,1,1,1,1,1,1,1,1,1,1,1,1,1,1,0,0,1,0,1,1,1,0,0,0,0,0,0,0,0,0,0,0,0,0,0,0,0,0,1,1,0,1,0,0,0,0,0,0,0,0,0,Arran,Shannochie,1904,1133,17,55.440676,-5.2107543,m,1863,25
Kilpatrick,32,1,1,1,1,1,1,0,1,0,0,1,1,0,1,0,0,0,0,0,0,1,0,0,0,0,0,0,0,0,0,0,0,0,0,0,0,0,0,0,0,0,0,1,1,0,1,0,0,0,0,0,0,0,0,0,Arran,Kilpatrick,1904,1133,17,55.491547,-5.3257439,m,1871,14
Machrie,33,1,1,0,1,1,1,1,1,1,0,1,1,0,1,1,1,1,1,0,0,1,0,0,0,0,0,0,0,0,0,0,0,0,0,0,0,1,0,0,0,0,0,1,0,0,1,0,0,0,0,0,0,0,0,0,Arran,Machrie (recte Laggmore),1904,1133,17,55.537905,-5.3451498,m,1868,19
Brodick,34,1,1,1,1,1,1,1,1,0,1,1,1,0,NA,1,1,0,1,0,0,NA,0,1,0,1,0,0,0,0,0,0,0,0,0,0,0,0,NA,0,0,0,0,1,1,NA,NA,0,0,0,0,0,0,NA,0,0,Arran,Brodick,838,254,1,55.646416,-5.373339,m,1876,18
Catacol,35,1,1,1,1,1,1,1,1,1,1,1,NA,0,0,0,0,0,0,0,0,0,0,0,0,0,0,0,0,0,0,0,0,0,0,0,0,0,0,0,0,0,0,1,1,0,1,0,0,NA,0,0,0,0,0,0,Arran,Catacol,558,474,4,55.703023,-5.3115876,f,1873,14
Carradale 1,36,1,1,1,1,1,1,1,1,1,0,1,1,0,0,0,0,0,0,1,0,0,0,0,0,0,0,0,0,0,0,0,0,0,0,0,0,0,0,0,0,0,0,1,0,0,1,0,0,0,0,0,0,0,0,0,Kintyre,Carradale 1,395,298,0,55.607432,-5.4917174,m,1881,14
Carradale 2,37,1,1,1,1,1,1,1,1,1,1,1,1,0,0,0,0,0,0,1,0,0,0,0,0,0,0,0,0,0,0,0,0,0,0,0,0,0,0,0,0,0,0,1,1,0,1,0,0,0,0,0,0,0,0,0,Kintyre,Carradale 2,395,298,0,55.586255,-5.4766269,m,1881,16
Muasdale,38,1,1,1,1,NA,1,0,0,0,0,1,NA,0,1,1,0,1,0,0,0,1,NA,0,0,NA,0,1,0,0,0,0,0,0,0,0,0,NA,1,0,NA,1,0,1,1,0,0,NA,0,NA,0,NA,0,0,NA,0,Kintyre,Muasdale,1293,825,17,55.604075,-5.6672094,m,1891,15
Campbelltown,39,1,1,1,1,1,1,1,1,1,1,1,1,1,0,0,0,1,0,0,0,0,0,0,0,0,0,0,0,0,0,0,0,0,0,0,NA,0,0,0,0,0,0,1,1,0,1,0,0,0,0,0,0,0,0,0,Kintyre,Campbelltown (recte Killean),1293,825,17,55.634515,-5.6716455,m,1876,17
Ardminish,40,1,1,1,NA,1,1,1,1,NA,1,1,1,NA,1,0,1,0,1,0,NA,0,0,1,0,0,0,0,0,0,0,0,0,0,0,0,0,0,0,0,0,0,0,1,1,0,1,0,0,0,0,0,0,0,0,0,Gigha,Ardminish,401,325,24,55.667978,-5.7543305,m,1879,17
Portchoillan,41,1,1,1,1,1,1,1,1,1,1,1,1,0,1,0,0,0,0,0,0,0,0,1,0,0,0,0,0,0,0,0,0,0,0,0,0,0,0,0,0,0,0,1,1,0,1,0,0,0,0,0,0,0,0,0,Kintyre,Port[a]choillan,1293,825,17,55.75437,-5.5713022,f,1875,17
Tarbert,42,0,0,0,1,0,1,0,0,1,0,1,1,0,0,0,0,0,0,0,0,0,0,NA,0,0,0,1,0,NA,0,0,0,1,0,0,NA,0,0,0,0,0,0,0,1,0,0,0,0,0,0,0,0,0,0,0,Kintyre,Tarbert,1201,513,11,55.857553,-5.4209156,m,1870,8
Druimdrishaig,44,1,1,0,1,0,0,1,1,1,0,0,1,0,0,0,0,0,0,0,0,0,0,NA,0,0,0,0,0,NA,0,0,0,0,0,0,NA,0,0,0,0,0,0,1,1,0,1,0,0,0,0,0,0,0,0,0,Mid-Argyll,Druimdrishaig,388,258,12,55.859942,-5.6479971,m,1894,10
Glendaruel,45,0,0,0,0,0,0,0,0,0,0,0,0,0,0,0,0,0,0,0,0,0,0,NA,0,0,0,1,0,NA,0,0,0,1,0,0,NA,0,0,0,0,0,0,0,0,0,0,0,0,0,0,0,0,0,0,0,Cowal,Glendaruel,323,229,0,56.013568,-5.2225379,f,1876,2
Stuckreoch,46,1,1,1,NA,1,1,1,1,NA,0,1,0,NA,0,0,0,0,0,0,NA,0,0,NA,0,0,0,0,0,NA,0,0,0,0,0,0,NA,0,0,0,0,0,0,1,0,0,1,0,0,0,0,0,0,0,0,0,Cowal,Stuckreoch,574,314,1,56.143721,-5.1403575,f,1883,10
Auchindrain,47,1,1,1,1,1,1,1,1,1,1,1,0,1,1,0,0,1,0,0,0,0,0,NA,0,0,0,1,0,NA,0,0,0,0,0,0,NA,0,0,0,0,0,0,1,1,0,1,0,0,0,0,0,0,0,0,0,Mid-Argyll,Auchindrain,205,133,0,56.151455,-5.1893062,m,1881,18
West Loch Fyne,48,1,1,0,1,1,0,1,1,1,0,0,1,0,1,0,0,0,0,0,0,0,0,NA,0,0,0,0,0,NA,0,0,1,0,0,0,NA,0,0,0,0,0,0,1,0,0,1,0,0,0,0,0,0,0,0,0,Mid-Argyll,West Loch Fyne,483,336,12,56.113474,-5.2666119,m,1876,12
Duntroon,49,1,1,1,1,1,1,1,1,1,1,1,1,1,0,1,1,1,1,1,0,0,0,NA,0,0,0,0,0,NA,0,0,0,0,0,0,NA,0,0,0,0,0,0,1,1,0,1,0,0,0,0,0,0,0,0,0,Mid-Argyll,Duntroon,695,507,11,56.13268,-5.481878,m,1893,21
North Knapdale,50,1,1,1,1,1,1,1,1,1,1,1,1,1,1,1,1,1,1,1,0,0,1,NA,0,0,0,0,1,NA,0,0,0,0,0,0,NA,0,0,0,0,0,0,1,1,0,1,0,0,0,0,0,0,0,0,0,Mid-Argyll,North Knapdale,805,711,43,56.072713,-5.5853556,m,1887,24
Inverlussa,51,1,1,1,1,1,NA,1,1,1,1,NA,1,1,1,0,1,NA,1,1,1,0,1,NA,NA,1,0,0,0,NA,0,0,0,0,0,0,NA,0,0,0,0,0,0,1,1,0,1,0,0,0,0,0,0,0,0,0,Jura,Inverlussa,48,41,4,56.016881,-5.7833399,m,1895,21
Ardfarnal,52,1,1,1,1,1,NA,1,1,1,1,NA,1,1,1,1,1,NA,1,0,0,0,0,NA,NA,1,0,1,0,NA,0,0,0,0,0,0,NA,0,0,0,0,0,0,0,1,0,1,0,0,0,0,0,0,0,0,0,Jura,Ardfarnal,147,129,22,55.870204,-5.9017904,m,1896,19
Port Askaig,53,1,1,1,1,1,1,1,1,1,1,1,1,1,0,0,0,1,0,1,0,0,0,0,0,0,0,0,0,0,0,0,0,0,0,0,0,0,0,0,0,0,0,1,1,0,1,0,0,0,0,0,0,0,0,0,Islay,Port Askaig,73,64,16,55.809146,-6.1192413,f,1893,18
Port Ellen,54,1,1,0,1,1,NA,1,1,1,1,NA,1,1,0,1,0,NA,0,0,0,0,0,0,NA,0,0,0,0,0,0,0,0,0,0,0,0,0,0,0,0,0,0,1,1,0,1,0,0,0,0,0,0,0,0,0,Islay,Port Ellen,893,814,120,55.626688,-6.1954251,m,1932,14
Bowmore,55,1,1,1,1,1,NA,1,0,1,1,NA,1,1,0,0,1,NA,1,1,1,0,0,0,NA,0,0,1,0,0,0,0,0,0,0,0,0,0,0,0,0,0,0,0,1,0,1,0,0,0,0,0,0,0,0,0,Islay,Bowmore,848,707,66,55.74939,-6.2883403,m,1872,17
Rhinns,56,1,1,1,1,1,1,1,1,1,1,1,1,1,0,0,0,1,0,0,0,0,0,0,0,0,1,0,0,0,0,0,0,0,0,0,0,0,0,0,0,0,0,1,1,0,1,0,0,0,0,0,0,0,0,0,Islay,Rhinns [recte Tormisdale],109,97,38,55.737262,-6.4767256,m,1911,18
Lower Kilchattan,57,1,0,1,1,1,NA,1,1,1,1,NA,1,1,1,0,1,NA,1,0,1,1,0,1,NA,1,0,0,0,0,1,1,0,1,0,1,0,1,0,1,0,0,0,1,1,0,1,0,0,0,0,0,0,0,0,0,Colonsay,Lower Kilchattan,321,283,19.4,56.065754,-6.2430724,f,1876,26
Loch Beag,58,1,1,1,1,1,1,1,1,1,1,1,1,1,0,1,1,1,1,1,0,0,0,NA,0,1,0,0,0,NA,0,0,0,0,0,0,NA,0,0,0,0,0,0,1,1,0,1,0,0,0,0,0,0,0,0,0,Mid-Argyll,Loch Beag,394,273,7,56.199397,-5.5461497,f,1874,22
Ellenabeich,59,1,1,1,1,1,NA,1,1,0,1,NA,1,1,0,0,1,NA,1,0,0,0,1,NA,NA,0,0,0,0,NA,0,0,0,0,0,0,NA,0,0,0,0,0,0,1,1,0,0,0,0,0,0,0,0,0,0,0,Easdale,Ellenabeich,311,302,105,56.299713,-5.6480099,m,1880,15
Kilmore,60,1,1,1,1,1,0,1,1,1,1,0,1,0,1,1,1,0,1,1,0,1,0,NA,0,0,1,0,0,NA,0,0,0,0,0,0,NA,0,0,0,0,0,0,1,1,0,1,0,0,0,0,0,0,0,0,0,South Lorn,Kilmore,476,362,7,56.369645,-5.4343081,m,1890,20
Kilchrenan,61,1,1,0,1,1,1,1,0,1,0,1,1,1,NA,0,0,1,0,0,1,NA,1,NA,1,0,0,0,1,NA,0,0,0,0,0,0,NA,0,0,0,0,0,0,1,1,0,1,0,0,0,0,0,0,0,NA,0,South Lorn,Kilchrenan,257,211,3,56.352118,-5.181766,m,1894,18
Inverlochy,62,1,1,1,1,1,1,1,1,1,0,1,0,0,1,0,0,1,0,0,0,0,0,NA,0,0,0,0,0,NA,0,0,0,0,0,0,NA,0,0,0,0,0,0,1,1,0,1,0,0,0,0,0,0,0,0,0,South Lorn,Inverlochy,1254,796,18,56.411039,-4.9159483,f,1882,15
Stronmilchan,63,1,1,1,1,1,1,1,1,1,0,1,1,1,1,1,0,1,0,1,1,0,1,NA,0,1,1,0,0,NA,0,0,0,0,0,0,NA,0,NA,0,NA,0,0,1,0,0,1,NA,0,0,0,0,0,0,0,0,South Lorn,Stronmilchan,1254,796,18,56.424975,-5.0013118,m,1883,22
Taynuilt,64,0,0,NA,NA,1,NA,1,0,NA,0,NA,1,NA,1,0,0,NA,0,0,NA,0,0,NA,NA,0,0,0,0,NA,0,1,0,0,0,0,NA,0,0,0,0,0,1,NA,1,0,1,0,0,0,NA,0,0,0,1,0,South Lorn,Taynuilt,722,539,12,56.431029,-5.252722,f,1886,9
Achadacallen,65,1,1,1,1,1,1,1,1,1,1,1,1,1,0,0,0,1,0,1,0,0,0,NA,0,0,0,0,0,NA,0,0,0,0,0,0,NA,0,1,0,0,0,0,1,1,0,1,0,0,0,0,0,0,0,0,0,South Lorn,Achadacallen,722,539,12,56.443843,-5.2954804,f,1898,19
Loch Etive,66,1,1,1,1,1,1,1,1,1,1,1,1,0,0,0,0,0,0,0,0,0,1,NA,0,0,1,0,0,NA,0,0,0,0,0,0,NA,0,0,0,0,0,0,1,1,0,1,0,0,0,0,0,0,0,0,0,Benderloch,Loch Etive,186,177,75,56.474542,-5.3694685,f,1900,17
Lower Kiel,67,1,1,1,1,1,1,1,1,1,0,1,NA,0,1,1,1,1,1,0,0,0,1,NA,1,1,1,0,0,NA,0,0,0,0,0,0,NA,0,0,0,0,0,0,1,1,0,1,0,0,NA,0,0,0,0,0,0,Benderloch,Lower Kiel,186,177,75,56.495627,-5.4039271,f,1870,22
Achanuaran Farm,68,1,1,1,1,1,1,1,1,1,1,1,1,1,1,1,1,1,1,0,1,0,1,1,1,1,0,0,0,0,0,0,1,0,0,0,NA,0,0,0,0,0,0,1,1,0,1,0,0,0,0,0,0,0,0,0,Liosmore,Achanuaran Farm,260,235,38,56.491867,-5.5502642,m,1886,27
Port Appin,69,1,1,1,1,1,1,1,1,1,1,1,NA,0,0,0,0,1,0,0,0,0,0,NA,1,0,0,0,0,NA,0,0,1,0,0,0,NA,0,0,0,0,0,0,1,1,0,1,0,0,NA,0,0,0,0,0,0,Appin,Port Appin,441,352,61,56.554476,-5.4013354,m,1885,17
Portnacrois,70,1,1,1,NA,1,1,1,0,NA,1,1,NA,NA,0,0,0,0,0,0,NA,0,1,NA,0,0,0,0,1,NA,0,0,0,0,0,0,NA,0,0,0,0,0,0,1,1,0,1,0,0,NA,0,0,0,0,0,0,Appin,Portnacrois,441,352,61,56.576075,-5.3744312,f,1895,13
Glencoe,71,1,1,1,1,1,1,0,1,1,1,1,1,1,1,1,1,1,1,1,1,1,0,NA,1,1,0,0,0,NA,1,1,1,1,1,1,NA,0,1,0,1,0,1,1,1,NA,NA,1,0,0,0,0,0,NA,1,1,Appin,Glencoe,398,348,37.6,56.674624,-5.1191205,m,1885,36
Ballachulish,72,1,1,1,1,1,1,1,1,1,1,1,NA,1,0,1,1,1,1,0,1,0,1,NA,1,0,0,0,1,NA,0,0,NA,0,0,0,NA,0,0,0,0,0,0,1,1,0,1,0,0,NA,0,0,0,0,0,0,Appin,Ballachulish,1045,841,212,56.674215,-5.135415,m,1882,23
Laggan,73,1,1,1,NA,1,1,1,1,NA,1,1,NA,NA,1,1,1,0,1,0,NA,0,0,1,0,1,0,0,0,0,0,0,0,0,0,0,0,0,0,0,0,0,0,1,1,0,0,0,0,NA,0,0,0,0,1,0,Upper Badenoch,Laggan,851,660,20,56.991007,-4.38979,m,1880,18
Highbridge,75,1,1,1,1,1,1,1,0,1,1,1,1,1,1,1,1,1,1,1,1,0,0,1,1,1,1,1,0,0,0,0,0,0,0,0,0,0,0,0,0,0,0,1,1,0,1,0,0,0,0,0,0,1,0,0,Lochaber,Highbridge,177,123,11,56.884947,-4.9724388,m,1876,28
Muirshearlich,76,1,1,0,1,1,1,1,1,0,0,1,NA,1,0,0,0,1,0,0,0,0,0,NA,0,0,0,0,0,NA,0,0,1,0,0,0,NA,0,0,0,0,0,0,1,1,0,1,0,0,NA,0,0,0,0,0,0,Lochaber,Muirshearlich,241,226,6,56.873597,-5.0700249,m,1885,14
Kinlochiel,77,1,1,NA,1,1,1,1,NA,1,NA,1,NA,1,1,NA,0,1,0,0,1,1,0,NA,1,1,0,NA,NA,NA,0,0,1,0,0,0,NA,1,0,0,0,NA,0,NA,NA,0,1,0,NA,NA,NA,0,NA,0,0,NA,Lochaber,Kinlochiel,105,87,3,56.857907,-5.33128,m,1885,18
Garvan,78,1,1,1,1,1,1,1,1,1,1,1,NA,1,1,1,1,1,1,1,1,0,1,NA,1,1,1,0,1,NA,1,1,0,0,0,0,NA,0,0,0,NA,1,0,1,1,0,1,NA,0,NA,0,0,1,0,0,0,Ardgour,Garvan,277,199,7,56.846944,-5.3040573,f,1890,31
Strontian,79,1,1,1,1,1,1,1,1,1,1,1,NA,1,1,1,1,1,1,1,1,1,1,NA,1,1,1,1,0,NA,1,1,0,1,0,1,NA,0,0,1,NA,1,0,1,1,0,1,NA,1,NA,0,0,1,0,0,0,Sunart and Ardnamurchan,Strontian,614,538,49,56.707651,-5.5631489,m,1891,36
Lochaline,80,1,1,1,NA,1,1,1,1,NA,0,1,NA,NA,0,0,0,0,0,1,NA,0,1,NA,0,0,0,0,1,NA,0,0,0,1,0,0,NA,0,0,0,NA,0,0,1,1,0,1,NA,0,NA,0,0,0,0,0,0,Morvern,Lochaline,820,644,95,56.530095,-5.7904874,f,1901,15
Loch Don,81,1,1,1,1,1,1,1,1,1,1,1,1,1,1,1,1,1,1,1,1,1,0,NA,1,1,1,0,1,NA,1,0,1,0,0,0,NA,0,1,0,0,0,0,1,1,NA,NA,0,0,0,0,0,0,NA,0,0,Mull,Loch Don,66,44,2,56.388638,-5.6807671,m,1884,30
Knockan 1,82,1,1,1,1,1,NA,1,1,1,1,NA,1,1,1,1,1,NA,1,1,0,1,1,1,NA,1,1,0,0,1,0,0,1,0,1,0,NA,0,1,0,0,0,0,1,1,0,1,0,0,0,0,0,0,0,0,0,Mull,Knockan 1,265,250,70,56.327793,-6.2073999,f,1912,28
Burg Farm,83,1,1,1,1,1,NA,1,1,0,1,NA,1,1,1,1,1,NA,1,0,1,1,0,NA,NA,1,0,0,0,NA,0,0,0,0,0,0,NA,0,0,0,0,0,0,1,1,1,1,0,0,0,0,0,0,0,0,0,Mull,Burg Farm,142,127,46,56.523797,-6.2616795,f,1888,21
Balemartine,84,1,1,1,1,1,NA,1,1,1,1,NA,1,1,1,1,1,NA,1,0,1,1,0,NA,NA,1,0,0,0,NA,0,0,0,0,0,0,NA,0,0,0,0,0,0,1,1,0,1,0,0,0,0,0,0,0,0,0,Tiree,Balemartine,323,316,103,56.464031,-6.9049198,m,1883,21
Sorisdale,85,1,1,1,1,1,NA,1,1,1,1,NA,1,1,1,1,1,NA,1,0,1,1,1,NA,NA,1,0,0,1,NA,0,0,0,0,0,0,NA,0,0,0,0,0,0,1,1,0,1,0,0,0,0,0,0,0,0,0,Coll,Sorisdale,131,121,69,56.67818,-6.4752005,m,1888,23
Bunavullin,86,1,1,1,1,1,1,1,1,1,1,1,NA,1,0,0,1,0,1,0,1,0,0,NA,0,1,0,0,0,NA,0,0,0,0,0,0,NA,0,0,0,NA,0,0,1,1,0,1,NA,0,NA,0,0,0,0,0,0,Morvern,Bunavullin,644,321,95,56.613191,-5.9798301,f,1911,19
Glenborrodale (Acharacle),87,1,1,1,1,1,1,1,1,1,1,1,NA,1,0,1,1,0,1,0,1,0,1,NA,0,0,0,0,0,NA,0,0,1,0,0,0,NA,0,0,0,0,0,0,1,1,0,1,0,0,NA,0,0,0,0,0,1,Sunart and Ardnamurchan,Glenborrodale,772,722,253,56.679455,-5.9035115,m,1877,22
The Manse (Kilchoan),88,1,1,1,1,1,1,1,0,1,1,1,1,1,1,1,0,0,0,0,1,1,0,NA,1,1,0,1,0,NA,0,0,1,0,0,0,NA,1,0,0,0,0,0,0,1,0,1,0,1,0,0,0,0,0,0,0,Sunart and Ardnamurchan,The Manse (Kilchoan),772,722,253,56.690553,-6.1171029,f,1891,24
Acharacle,89,1,1,1,1,1,1,1,1,1,1,1,NA,1,1,1,1,0,1,0,1,1,1,NA,0,1,1,0,0,NA,0,0,0,0,0,0,NA,0,0,0,NA,0,0,1,1,0,1,NA,0,NA,0,0,0,0,0,0,Sunart and Ardnamurchan,Acharacle,645,537,244,56.755828,-5.8476036,m,1916,24
Eilean Shona,90,1,1,1,1,1,1,0,1,1,1,1,1,1,1,1,1,0,1,0,1,0,0,NA,0,1,0,0,0,NA,0,0,0,0,0,0,NA,1,0,0,0,0,0,1,1,0,1,0,0,1,1,0,0,0,0,0,Moydart,Eilean Shona,104,89,23,56.789043,-5.8493702,f,1880,24
Borrodale,91,1,1,1,1,1,1,1,1,1,0,1,1,1,1,1,1,1,1,1,1,0,1,NA,1,0,0,0,1,NA,0,0,1,0,0,0,NA,0,0,0,0,0,0,1,1,0,1,0,0,0,0,0,0,0,1,0,Arisaig,Borrodale,1110,1023,407,56.90234,-5.7607957,m,1896,27
Bunacaimb,92,1,1,1,1,1,1,1,1,1,1,1,1,1,1,1,1,1,1,1,1,1,1,NA,1,1,1,1,1,NA,1,1,1,0,0,1,NA,0,0,1,0,0,0,1,1,0,1,0,0,0,0,0,0,0,0,0,Arisaig,Bunacaimb,1110,1023,407,56.923488999999996,-5.8632221,m,1896,35
Morar Village,93,1,1,1,1,1,1,1,1,1,1,1,1,1,1,1,1,1,1,1,1,1,1,NA,1,1,1,1,1,NA,0,0,0,0,0,0,NA,0,1,0,0,0,0,1,1,0,1,0,1,0,1,0,0,0,0,0,Morar,Morar Village,444,405,162,56.969315,-5.8350462,m,1896,33
Kildonan,94,1,1,1,1,1,1,1,1,1,1,1,1,1,1,1,1,1,1,1,1,1,1,NA,1,1,1,1,1,NA,1,1,0,1,1,1,NA,1,1,1,1,1,1,1,1,1,1,0,1,1,1,0,1,1,0,0,Eigg,Kildonan,233,215,59,56.888219,-6.1224232,m,1882,47
Canna,95,1,1,1,1,1,1,1,1,1,1,1,1,1,1,1,1,1,1,1,1,1,1,NA,1,1,1,1,0,NA,1,1,1,1,1,1,NA,1,1,1,1,0,1,1,1,1,1,1,0,1,1,0,0,0,0,0,Canna,Canna,99,80,14,57.05432,-6.5204427,f,1902,44
Kinloch Hourn,96,1,1,1,1,1,1,1,1,1,1,1,1,1,1,1,1,0,1,1,1,1,1,1,0,1,1,0,0,0,0,0,1,0,1,0,0,0,1,0,1,1,0,1,1,0,1,0,0,0,0,0,0,0,0,0,Knoydart,Kinloch Hourn,415,366,64,57.108123,-5.3867666,m,1913,32
Arnisdale,97,1,1,1,1,NA,1,1,1,1,1,1,1,1,1,0,0,1,0,1,1,1,NA,NA,1,NA,1,0,1,NA,0,0,0,0,0,0,NA,NA,0,0,0,0,0,1,1,1,1,0,0,0,0,NA,0,0,0,0,Knoydart,Arnisdale,415,366,64,57.129986,-5.5706077,m,1886,24
Galltair,98,1,1,1,1,1,1,1,1,1,1,1,1,1,1,1,1,1,1,1,1,0,1,1,1,1,0,1,1,0,1,0,1,1,1,1,0,0,0,0,1,1,1,1,1,0,1,1,1,1,1,1,0,0,0,0,Glenelg,Galltair,257,233,89,57.218217,-5.6288509,m,1887,42
Leacachan,99,1,1,1,1,1,1,1,1,1,1,1,1,1,1,1,1,1,1,1,1,1,1,1,1,NA,0,1,1,1,1,1,0,1,1,1,0,NA,1,1,1,1,0,1,1,1,1,0,1,0,0,NA,0,0,0,0,Glenshiel,Leacachan,219,162,29,57.239442,-5.5148722,m,1878,41
Ault a' Chruinn,100,1,1,1,1,1,1,1,1,1,1,1,1,1,1,1,1,1,1,0,1,1,0,NA,0,1,0,1,0,NA,1,0,0,0,0,1,NA,0,1,0,0,1,0,1,1,0,1,0,0,0,0,1,0,0,0,0,Glenshiel,Ault a' Chruinn,219,162,29,57.224248,-5.4139857,m,1906,30
Inverinate,101,0,1,1,1,1,1,1,1,1,1,1,1,0,0,0,0,0,0,0,0,0,0,0,0,0,0,0,0,0,0,0,0,0,0,0,0,0,NA,0,0,0,0,1,1,0,1,0,0,0,0,0,0,0,0,0,Kintail,Inverinate,165,149,57,57.231855,-5.464419,m,1906,14
Dornie,102,1,1,1,1,1,1,1,1,1,1,1,1,1,1,1,1,1,1,1,1,1,1,1,1,1,1,1,1,1,0,1,0,1,0,0,0,1,0,1,0,1,0,1,1,1,1,0,1,1,1,1,0,1,0,0,Kintail,Dornie,118,101,13,57.284271,-5.5191496,m,1891,43
Duirinish,103,1,1,1,1,1,1,1,1,1,1,1,1,1,1,0,1,0,1,1,0,1,1,0,0,NA,1,0,1,0,0,0,0,0,0,0,0,NA,0,0,NA,0,0,1,1,1,1,NA,0,0,0,NA,0,0,0,0,Lochalsh,Duirinish,250,250,76,57.31538,-5.6882793,f,1886,25
Lower Breakish,104,1,1,1,1,1,1,1,1,1,1,1,1,1,1,1,1,0,1,1,1,1,1,NA,0,NA,1,0,1,NA,0,0,1,0,0,0,0,NA,0,0,0,0,0,1,1,0,1,0,0,0,0,NA,0,0,0,0,Skye,Lower Breakish,424,400,163,57.238199,-5.86296,f,1899,27
Calligary,105,1,1,1,NA,1,1,1,1,NA,1,1,1,NA,1,1,1,1,1,1,NA,1,1,NA,1,1,1,0,1,NA,0,0,0,0,0,0,0,1,1,0,0,0,0,1,1,0,1,0,0,0,0,1,0,0,0,0,Skye,Calligary,210,208,42,57.056391,-5.9265394,m,1894,28
Elgol,106,1,1,1,1,1,1,1,1,1,1,1,NA,1,1,1,1,1,1,1,1,1,1,NA,1,1,0,0,1,NA,0,0,0,0,0,0,0,0,0,0,NA,0,0,1,1,0,1,NA,0,NA,0,0,0,0,0,0,Skye,Elgol,221,213,90,57.140722,-6.100881,f,1899,27
Portnalong,107,1,1,1,1,NA,1,1,1,1,1,1,1,1,1,1,1,1,1,1,1,1,0,NA,1,0,1,0,1,NA,0,0,1,0,0,0,0,1,0,0,0,0,0,1,1,0,1,0,0,0,0,0,0,0,0,0,Skye,Portnalong,128,117,51,57.32057,-6.4216064,m,1880,28
Dunvegan,108,1,1,1,1,NA,1,1,1,1,1,1,1,1,1,1,0,1,0,1,1,1,NA,NA,1,NA,1,0,1,NA,1,0,0,0,1,0,1,NA,0,0,1,0,0,1,1,1,1,0,0,1,0,NA,0,0,0,0,Skye,Dunvegan,406,371,58,57.408071,-6.4999737,m,1889,30
Glendale,109,1,1,1,1,1,1,1,1,1,1,1,1,1,1,1,1,1,1,1,1,1,1,NA,1,1,1,0,1,NA,0,0,0,0,0,0,1,1,0,0,0,0,0,1,1,0,1,0,0,0,0,0,0,0,0,0,Skye,Glendale,341,310,234,57.449571,-6.6982936,m,1899,31
Trumpan,110,1,1,1,1,1,1,1,1,1,1,1,NA,1,1,1,1,1,1,1,1,1,1,1,1,1,1,0,1,1,0,1,0,0,0,0,1,1,0,0,0,1,1,1,1,0,1,0,0,NA,0,0,1,0,0,0,Skye,Trumpan,287,280,167,57.557851,-6.6335683,m,1894,36
Bernisdale,111,1,1,1,1,1,1,0,1,1,1,1,1,1,0,1,1,0,1,1,1,0,1,0,0,1,1,0,1,0,0,0,1,0,0,0,1,0,0,0,0,0,0,1,1,0,1,0,0,0,0,1,0,0,0,0,Skye,Bernisdale,283,264,104,57.46551,-6.3375171,f,1894,27
Uig,112,1,1,1,1,1,1,1,1,1,1,1,1,1,1,1,1,1,1,1,1,1,1,1,1,1,1,0,1,0,0,0,0,0,0,0,1,1,0,0,0,0,0,1,1,0,1,0,0,0,0,1,0,0,0,0,Skye,Uig,208,198,8,57.590902,-6.3524603,m,1909,33
Staffin,113,1,1,1,1,1,1,0,1,1,1,1,NA,1,1,1,0,0,0,NA,1,1,1,0,0,1,1,0,1,0,0,0,1,0,0,0,0,0,0,0,0,0,0,1,1,0,1,0,0,NA,0,0,0,0,0,0,Skye,Staffin,303,287,117,57.639104,-6.257621,f,1889,23
Peinchorran,114,1,1,1,1,1,1,1,1,1,1,1,1,1,1,1,1,0,1,1,1,1,1,1,0,NA,0,0,1,1,0,0,0,0,0,0,0,NA,0,0,NA,0,0,1,1,0,1,NA,0,0,0,NA,0,0,0,0,Skye,Peinchorran,326,314,177,57.324645,-6.1211812,m,1889,27
Caol Rona,115,1,1,1,1,1,1,1,1,1,1,1,1,1,1,1,1,0,1,0,1,1,1,1,0,1,0,0,1,1,0,0,0,0,0,0,1,0,0,0,NA,0,0,1,1,0,1,NA,0,0,0,1,0,0,0,0,Raasay,Caol Rona,438,394,102,57.494449,-6.0069222,f,1906,29
Lochcarron,116,1,1,1,1,1,1,0,1,1,1,1,NA,0,0,1,0,0,0,1,0,0,1,0,0,0,0,1,0,0,0,0,0,0,0,0,0,0,0,0,0,1,0,1,1,1,1,0,0,NA,0,0,0,0,0,0,Wester Ross,Lochcarron,384,332,48,57.402203,-5.504865,m,1896,19
Milton (Applecross),117,1,1,1,1,1,1,1,1,1,1,1,1,1,0,0,0,1,0,1,1,0,1,1,1,0,1,0,1,1,0,0,0,0,0,0,0,0,0,0,0,0,0,1,1,0,1,0,0,0,0,0,0,0,0,0,Wester Ross,Milton (Applecross),253,227,60,57.421656,-5.8072284,m,1883,25
Shieldaig,118,1,1,1,1,0,1,1,1,1,1,1,1,0,0,0,0,0,0,1,0,0,1,0,0,0,1,0,0,0,0,0,0,0,0,0,0,0,NA,0,0,0,0,1,1,0,1,0,0,0,0,0,0,0,0,0,Wester Ross,Shieldaig,201,181,29,57.515028,-5.6242134,f,1883,17
Inveralligin,119,1,1,1,1,0,1,1,1,1,1,1,1,1,0,0,0,1,0,1,1,0,1,0,1,0,1,0,0,0,0,0,0,0,0,0,0,0,0,0,0,0,0,1,1,0,1,0,0,0,0,0,0,0,0,0,Wester Ross,Inveralligin,335,291,115,57.551345,-5.6117864,m,1913,21
Kinlochewe,120,1,1,1,1,1,1,1,1,1,1,1,1,1,0,0,0,0,0,1,0,0,0,1,0,0,0,0,0,1,0,0,0,0,0,0,0,0,0,0,0,0,0,1,1,0,1,0,0,0,0,0,0,0,0,0,Wester Ross,Kinlochewe,116,104,15,57.604421,-5.315622,m,1881,19
Badachro,121,1,1,1,1,1,1,1,1,1,1,1,1,1,0,0,0,1,0,1,1,0,1,1,1,1,0,0,0,1,1,1,0,1,1,1,0,1,0,1,1,0,0,1,1,0,1,0,0,0,0,0,0,0,0,0,Gairloch,Badachro,342,307,72,57.691855,-5.7265046,m,1893,32
Melvaig,122,1,1,1,1,1,1,1,1,1,1,1,1,0,0,0,0,0,0,1,1,0,1,1,0,0,1,0,0,1,0,0,0,0,0,0,0,0,0,0,0,0,0,1,1,0,1,0,0,0,0,0,0,0,0,0,Gairloch,Melvaig,320,311,218,57.806374,-5.8056924,f,1881,21
Cove,123,1,1,1,1,1,1,1,1,1,1,1,1,1,1,0,0,1,0,1,1,1,1,1,1,0,0,0,1,1,0,0,0,0,0,0,0,0,0,0,0,0,0,1,1,1,1,0,0,0,0,0,0,0,0,0,Wester Ross,Cove,188,183,57,57.845215,-5.7086311,f,1891,27
Aultbea,124,1,1,1,1,NA,1,1,1,1,1,1,1,0,1,0,0,0,0,1,0,1,NA,0,1,NA,1,0,1,0,0,1,0,0,0,0,0,NA,0,0,0,0,0,1,1,NA,NA,1,0,0,0,NA,0,NA,0,0,Wester Ross,Aultbea,145,131,22,57.839639,-5.5900588,f,1888,21
Badbea,125,1,1,1,1,1,1,1,1,1,1,1,0,1,1,0,0,1,0,1,1,1,0,1,1,0,1,0,0,1,0,0,0,0,0,0,0,0,0,0,0,0,0,1,1,0,1,0,0,0,0,0,0,0,0,0,Wester Ross,Badbea,322,308,89,57.862084,-5.3275006,m,1878,24
Letters,126,1,1,1,1,1,1,1,1,1,1,1,1,0,1,1,0,0,0,1,0,1,0,1,0,0,0,1,0,1,0,0,0,0,0,0,0,0,0,0,NA,0,0,1,1,NA,NA,NA,0,0,0,0,0,NA,0,0,Wester Ross,Letters,315,299,74,57.834574,-5.1008402,m,1879,21
Polbain,127,1,1,1,1,1,1,1,1,1,1,1,1,1,1,1,0,1,0,1,1,1,1,1,1,NA,0,0,0,1,0,0,0,0,0,0,0,NA,0,0,0,0,0,1,1,NA,NA,0,0,0,0,NA,0,NA,0,0,Wester Ross,Polbain,449,402,205,58.038392,-5.4029494,m,1891,25
Inverkirkaig,129,1,1,1,1,1,1,0,1,1,1,1,1,1,0,1,0,1,0,1,0,0,1,1,1,0,0,1,0,1,0,1,NA,0,0,0,0,1,0,0,0,0,0,1,1,0,0,0,0,0,0,0,0,0,0,0,Assynt,Inverkirkaig,152,145,33,58.122104,-5.2586048,m,1907,24
Nedd,130,1,1,1,1,1,NA,1,1,1,1,NA,1,1,1,1,0,NA,0,0,0,1,0,0,NA,0,0,0,0,0,0,0,0,0,0,0,0,0,0,0,0,0,0,1,1,1,1,0,0,0,0,0,0,0,0,0,Assynt,Nedd,870,799,86,58.227922,-5.1862218,f,1879,18
Tarbet,131,1,1,1,NA,1,NA,1,1,NA,1,NA,1,NA,NA,1,1,NA,1,0,NA,NA,0,0,NA,1,0,0,0,0,0,0,0,0,0,0,0,0,0,0,0,0,0,1,1,0,1,0,0,0,0,0,0,0,0,NA,North West Sutherland,Tarbet,511,383,22,58.391924,-5.1302756,f,1876,15
Polin,132,1,1,1,NA,1,NA,1,1,NA,1,NA,1,NA,1,0,0,NA,0,0,NA,0,0,1,NA,0,0,0,0,1,0,0,NA,0,0,0,0,0,0,0,0,0,0,1,1,0,0,0,0,0,0,0,0,0,0,0,North West Sutherland,Polin,898,833,59,58.483545,-5.0934332,m,1911,13
Durness,133,1,1,1,1,1,NA,1,1,1,1,NA,1,1,0,0,1,NA,1,0,0,0,0,1,NA,0,0,0,0,0,0,0,0,0,0,0,0,0,0,0,0,0,0,1,1,NA,NA,0,0,0,0,0,0,NA,NA,0,North Sutherland,Durness,960,814,40,58.556594,-4.7443003,m,1882,16
Melness,134,1,1,1,1,1,NA,1,1,1,1,NA,1,0,1,1,1,NA,1,0,0,1,0,1,NA,1,0,0,0,1,0,1,0,0,0,0,0,0,1,0,0,0,0,1,1,NA,NA,0,0,0,0,0,0,NA,1,0,North Sutherland,Melness,1863,1578,114,58.514337,-4.4442118,m,1885,23
Skerray,135,1,1,1,1,1,1,0,1,1,1,1,1,1,0,1,1,0,1,0,0,0,0,1,0,0,0,0,0,1,1,0,0,0,1,0,0,0,0,0,1,1,0,1,1,NA,NA,0,0,0,0,0,1,NA,0,0,North Sutherland,Skerray,1081,920,82,58.534409,-4.3033018,m,1882,24
Farr,136,1,1,1,1,1,NA,1,1,1,1,NA,0,1,1,NA,NA,NA,NA,0,0,1,0,1,NA,0,0,NA,0,1,NA,NA,NA,NA,0,NA,0,0,1,NA,0,NA,0,1,1,0,1,0,NA,0,0,0,NA,0,NA,NA,North Sutherland,Farr,1081,920,82,58.5269,-4.1997514,f,1881,18
Strathy Point,137,1,1,1,1,1,NA,1,1,1,1,NA,1,1,1,1,1,NA,1,0,0,1,0,1,NA,1,0,1,0,1,1,0,0,0,0,0,0,0,0,0,1,0,0,1,1,0,1,0,0,0,0,0,0,0,0,0,North Sutherland,Strathy Point,776,684,35,58.557263,-4.0125605,m,1890,25
Portskerra,138,1,1,NA,NA,1,1,1,1,NA,1,0,1,NA,NA,NA,0,0,0,0,NA,NA,0,0,0,NA,0,NA,0,0,0,0,0,0,0,0,0,NA,NA,0,0,NA,0,NA,1,NA,NA,0,NA,0,NA,NA,NA,NA,NA,NA,North Sutherland,Portskerra,493,444,16,58.558321,-3.9438599,m,1884,9
Strath Halladale,139,1,1,1,1,1,1,1,0,1,1,1,1,0,0,0,0,0,0,0,0,0,0,0,0,0,0,1,0,0,0,0,0,0,0,0,0,0,0,0,0,0,0,1,1,0,1,0,0,0,0,0,0,0,0,0,North Sutherland,Strath Halladale,400,288,5,58.471885,-3.909641,m,1871,15
Braemore,140,1,1,1,0,1,1,0,0,0,0,0,1,0,0,1,0,0,0,0,0,0,0,1,0,0,0,1,0,0,0,0,0,0,0,0,0,1,0,0,0,0,0,1,1,1,1,0,0,0,0,0,0,0,0,0,Caithness,Braemore,92,46,2,58.241118,-3.593798,m,1869,14
West Helmsdale,141,1,1,1,1,0,1,0,1,1,1,1,1,0,0,0,0,0,0,0,0,0,0,0,0,0,0,0,0,0,0,0,0,0,0,0,0,0,0,0,0,0,0,1,1,0,1,0,0,0,0,0,0,0,0,0,East Sutherland,West Helmsdale,378,229,2,58.112866,-3.6818992,m,1868,13
Brora 2,143,1,0,1,1,0,1,0,1,1,1,1,0,0,0,0,0,0,0,0,0,0,0,0,0,0,0,1,0,0,0,0,0,0,0,0,0,0,0,0,0,0,0,0,1,0,1,0,0,0,0,0,0,0,0,0,East Sutherland,Brora 2,241,111,0,58.011571000000004,-3.8586437,f,1892,11
Golspie,144,1,0,1,1,1,NA,0,1,0,1,NA,0,0,NA,0,NA,NA,NA,0,0,NA,0,0,NA,NA,0,0,0,0,NA,NA,1,NA,0,NA,0,NA,0,NA,0,0,0,1,1,0,1,0,0,0,0,NA,0,0,NA,NA,East Sutherland,Golspie,934,469,5,57.969618,-3.9926245,m,1883,10
Muie,145,1,1,1,1,1,1,1,0,1,0,1,1,0,0,0,0,0,0,0,0,0,0,0,0,0,0,1,0,0,0,0,0,0,0,0,0,0,0,0,0,1,0,1,1,0,1,0,0,0,0,0,0,0,0,0,East Sutherland,Muie,312,205,10,58.005229,-4.2522685,m,1878,15
Lairg,146,1,1,1,1,1,1,1,1,0,1,1,1,0,0,0,0,0,0,0,0,0,0,1,0,0,0,0,0,1,0,0,0,0,0,0,0,0,0,0,0,0,0,1,1,0,1,0,0,0,0,0,0,0,0,0,East Sutherland,Lairg,315,188,0,58.020391,-4.4056198,f,1878,16
Gruids,147,1,1,1,1,1,1,1,1,1,1,1,1,0,0,NA,0,0,0,0,0,0,0,0,0,0,0,NA,0,0,0,0,0,0,0,0,0,0,0,0,0,NA,0,1,1,0,1,0,NA,0,0,0,NA,0,0,0,East Sutherland,Gruids,315,188,0,58.0018,-4.4382215,m,1871,15
Airdens,149,1,1,1,1,1,1,1,1,0,1,1,0,1,0,0,0,1,0,0,0,0,0,0,0,0,0,0,0,0,0,0,0,0,0,0,0,0,0,0,0,0,0,0,1,0,1,0,0,0,0,0,0,0,0,0,East Sutherland,Airdens,255,198,6,57.913662,-4.3187724,m,1868,14
Migdale,150,1,1,1,1,1,1,1,1,0,1,1,1,0,0,0,0,0,0,0,0,0,0,0,0,0,0,0,0,0,0,0,0,0,0,0,0,0,0,0,0,0,0,1,1,0,1,0,0,0,0,0,0,0,0,0,East Sutherland,Migdale,255,198,6,57.894846,-4.3119579,f,1877,14
Embo,151,1,0,1,0,0,1,0,1,0,1,1,0,0,NA,NA,NA,0,NA,0,0,NA,0,NA,0,NA,0,NA,0,NA,NA,NA,NA,NA,0,NA,0,NA,0,NA,0,NA,0,0,1,0,0,0,NA,0,0,NA,NA,0,NA,NA,East Sutherland,Embo,315,188,3,57.908539,-4.0042796,m,1901,7
Amat,152,1,1,1,1,1,1,1,1,1,1,1,1,0,0,0,0,0,0,0,0,0,0,0,0,0,0,0,0,0,0,0,0,0,0,0,0,0,0,0,0,0,0,1,1,0,1,0,0,0,0,0,0,0,0,0,East Sutherland,Amat,112,102,8,57.870518,-4.5811017,m,1880,15
Rhaanich,153,1,1,0,1,0,1,1,0,1,0,0,0,0,0,0,0,0,0,0,0,0,0,0,0,0,0,1,0,0,0,0,0,0,0,0,0,0,0,0,0,0,0,1,1,0,1,0,0,0,0,0,0,0,0,0,East Sutherland,Rhaanich [recte Edderton],642,381,24,57.805019,-4.1634237,m,1873,10
Skinnerton,154,1,0,1,1,1,1,1,1,1,1,1,1,0,0,0,0,0,0,0,0,0,1,0,1,0,0,0,0,0,0,0,0,0,0,0,0,0,0,0,0,0,0,1,1,0,0,0,0,0,0,0,0,0,0,NA,East Sutherland,Skinnerton,1703,947,58,57.813209,-3.9079812,m,1879,15
Shandwick,155,1,1,1,0,1,NA,0,1,1,1,NA,1,0,NA,NA,NA,NA,NA,0,0,NA,0,NA,NA,NA,0,NA,0,NA,NA,NA,NA,NA,0,NA,0,NA,0,NA,0,NA,0,1,1,0,0,0,NA,0,0,NA,NA,0,NA,NA,Easter Ross,Shandwick,361,237,8,57.749927,-3.9338677,f,1888,10
Strathy,156,1,1,NA,1,1,1,1,NA,1,NA,1,1,0,0,NA,0,0,0,0,0,0,0,0,0,0,0,NA,0,0,0,0,0,0,0,0,0,0,0,0,0,NA,0,NA,NA,0,1,0,NA,0,NA,0,NA,0,0,0,Easter Ross,Strathy,1038,567,16,57.750426,-4.2817684,m,1874,10
Docharty,157,1,1,1,1,1,1,1,1,1,1,1,1,0,0,0,0,0,0,0,0,0,0,0,0,0,0,0,1,0,0,0,0,0,0,0,0,0,0,0,0,0,0,1,1,0,1,0,0,0,0,0,0,0,0,0,Easter Ross,Docharty,298,160,4,57.614622,-4.4791976,m,1879,16
Knockfarrel,158,1,1,1,1,1,1,1,1,1,1,1,1,1,1,0,0,0,0,0,0,1,1,0,0,0,0,0,0,0,0,0,0,0,0,0,0,0,0,0,0,0,0,1,1,0,1,0,0,0,0,0,0,0,0,0,Easter Ross,Knockfarrel,1135,805,113,57.58704,-4.5107838,f,1872,19
Milton (E Ross),159,1,1,1,1,1,1,1,1,1,1,1,1,0,1,0,0,0,0,0,0,1,0,0,0,0,1,0,0,0,0,0,0,0,0,0,0,0,0,0,0,0,0,1,1,0,1,0,0,0,0,0,0,0,0,0,Easter Ross,Milton (E Ross),708,555,23,57.55304,-4.8427904,m,1867,18
Culbokie,160,1,1,0,0,0,1,0,1,1,1,0,0,0,0,0,0,0,0,0,0,0,0,0,0,0,0,1,0,0,0,0,0,0,0,0,0,0,0,0,0,0,0,0,1,0,0,0,0,0,0,0,0,0,0,0,Easter Ross,Culbokie,1699,1040,65,57.581586,-4.3263882,f,1874,8
Brae of East Kinkell,161,1,1,0,1,0,1,0,0,1,0,1,0,1,0,0,0,0,0,0,0,0,0,0,0,0,0,1,0,0,0,0,0,0,0,0,0,0,0,0,0,0,0,0,1,0,1,0,0,0,0,0,0,0,0,0,Easter Ross,Brae of East Kinkell,358,191,5,57.553414,-4.3914542,m,1881,10
Altyre,162,1,1,1,1,1,1,0,1,1,1,1,1,0,1,0,0,0,0,0,0,0,0,0,0,0,0,0,0,0,0,0,0,0,0,0,0,0,0,0,0,0,0,1,1,0,1,0,0,0,0,0,0,0,0,0,North West Invernesshire,Altyre,949,517,32,57.475065,-4.4930848,m,1900,15
Loaneckhime,163,1,1,1,1,1,1,1,1,1,1,1,1,1,0,0,0,0,0,1,0,0,0,0,0,0,1,0,0,0,0,0,0,0,0,0,0,0,0,0,0,0,0,1,1,0,1,0,0,0,0,0,0,0,0,0,North West Invernesshire,Loaneckhime,219,153,21,57.430162,-4.4916951,f,1880,18
Balmore,164,1,1,1,1,1,1,1,1,1,1,1,1,0,0,0,0,0,0,0,0,0,0,0,0,0,0,0,0,0,0,0,0,0,0,0,0,0,0,0,0,0,0,1,1,0,1,0,0,0,0,0,0,0,0,0,North West Invernesshire,Balmore,104,87,1,57.357504,-4.7444995,m,1889,15
Lochletter,166,1,1,0,1,0,1,0,0,1,1,1,0,0,0,0,0,0,0,0,0,0,0,0,0,0,0,1,0,0,0,0,0,0,0,0,0,0,0,0,0,0,0,0,1,0,0,0,0,0,0,0,0,0,0,0,North West Invernesshire,Lochletter,298,268,71,57.324782,-4.592537,m,1896,9
Achnaconeran,167,1,1,1,NA,1,1,1,1,NA,1,1,1,NA,0,0,0,0,0,0,NA,0,0,0,0,NA,0,1,0,0,1,0,NA,0,1,0,0,NA,0,0,1,0,0,1,1,0,1,0,0,0,0,NA,0,0,0,0,North West Invernesshire,Achnaconeran,165,132,21,57.216066,-4.6345961,f,1875,17
Dalcreichart,168,1,1,1,1,1,NA,1,1,1,1,NA,NA,0,0,0,0,NA,0,0,0,0,0,NA,NA,0,0,1,0,NA,1,0,1,0,1,0,0,0,0,0,NA,0,0,1,1,0,1,NA,0,NA,0,0,0,0,0,0,North West Invernesshire,Dalcreichart,178,154,30,57.216343,-4.6213644,m,1880,16
Trinloist 1,169,1,1,1,1,1,1,1,1,1,1,1,1,0,0,0,0,0,0,0,0,0,0,0,0,0,0,1,0,0,0,0,0,0,0,0,0,0,0,0,0,0,0,1,1,0,1,0,0,0,0,0,0,0,0,0,North East Invernesshire,Trinloist 1,82,75,7,57.246677,-4.4544279,f,1869,16
Trinloist 2,170,1,1,1,1,1,1,1,1,1,1,1,1,1,0,0,0,0,0,0,0,0,0,0,0,0,0,1,0,0,0,0,0,0,0,0,0,0,0,0,0,0,0,1,1,0,1,0,0,0,0,0,0,0,0,0,North East Invernesshire,Trinloist 2,82,75,7,57.246677,-4.4544279,m,1881,17
Loch Uanagan,171,1,1,0,1,1,1,0,1,1,1,1,NA,1,0,1,1,1,0,0,0,0,0,NA,0,0,0,0,0,NA,0,0,1,0,0,0,0,0,0,0,0,0,0,1,1,0,1,0,0,NA,0,0,0,0,0,0,North West Invernesshire,Loch Uanagan,596,274,3,57.124574,-4.7107091,f,1868,17
Invergarry,172,1,1,1,1,1,1,NA,1,1,1,1,NA,1,0,0,1,1,1,1,1,0,0,NA,1,0,NA,1,0,NA,1,0,0,0,0,0,NA,0,0,0,0,0,0,1,1,0,1,0,0,NA,0,0,0,0,0,0,North West Invernesshire,Invergarry,215,156,4,57.065795,-4.8087067,f,1869,22
Easterton,173,1,0,1,1,0,1,0,0,0,1,0,0,0,0,0,0,0,0,0,0,0,0,0,0,0,0,1,0,0,0,0,0,1,0,0,0,0,0,0,0,0,0,0,1,0,0,0,0,0,0,0,0,0,0,0,North East Invernesshire,Easterton,293,150,8,57.534939,-4.0757224,m,1879,8
Castleton,174,1,1,0,1,1,1,0,0,1,0,0,0,0,1,0,0,0,0,0,0,0,0,0,0,0,0,1,0,0,0,0,0,0,0,0,0,0,0,0,0,0,0,0,1,0,0,0,0,0,0,0,0,0,0,0,North East Invernesshire,Castleton,183,138,5,57.46087,-4.0733046999999996,f,1885,9
Milton of Tordarroch,175,1,1,1,1,1,1,1,1,1,1,1,1,0,1,0,0,0,0,0,0,1,0,0,0,0,0,0,0,0,0,0,0,0,0,0,0,0,0,0,0,0,0,1,1,0,1,0,0,0,0,0,0,0,0,0,North East Invernesshire,Milton of Tordarroch,236,181,4,57.367975,-4.2130589,f,1878,17
Càrn Bàn,176,1,1,1,1,1,1,1,0,1,1,1,0,0,0,1,0,0,0,0,0,0,0,0,0,0,0,1,0,0,0,0,0,0,0,0,0,0,0,0,0,0,0,1,1,0,1,0,0,0,0,0,0,0,0,0,North East Invernesshire,Càrn Bàn,236,181,4,57.294983,-4.2750635,f,1878,15
Glenderness,177,1,1,0,1,1,1,1,1,1,1,1,1,0,0,NA,0,0,0,0,0,0,0,0,0,0,0,NA,0,0,0,0,NA,0,0,0,0,0,0,0,0,NA,0,1,1,0,1,0,NA,0,0,0,NA,0,0,0,Moray,Glenferness [recte Terriemore],309,142,0,57.456323,-3.766646,f,1862,14
Ruthven,178,1,1,1,1,1,1,1,1,1,1,1,1,0,0,0,0,0,0,0,0,0,0,0,0,0,0,1,0,0,0,0,0,0,0,0,0,0,0,0,0,0,0,1,1,0,1,0,0,0,0,0,0,0,0,0,North East Invernesshire,Ruthven,113,73,2,57.366153,-3.974785,m,1883,16
Tombain,179,0,0,1,1,1,0,0,0,1,1,0,0,0,0,0,0,0,0,0,0,0,0,0,0,0,0,1,0,0,0,0,0,0,0,0,0,0,0,0,0,0,0,0,1,0,1,0,0,0,0,0,0,0,0,0,Moray,Tombain,1422,468,4,57.377072,-3.6148025,m,1868,8
Rynechkra,180,1,1,0,0,0,0,1,0,0,0,0,1,0,0,0,0,0,0,0,0,0,0,0,0,0,0,0,0,0,0,0,0,0,0,0,0,0,0,0,0,0,0,1,1,0,1,0,0,0,0,0,0,0,0,0,Moray,Rynechkra,57,28,0,57.349042,-3.6966702,f,1882,7
Boat of Garten,181,1,1,0,0,1,1,1,0,0,0,0,0,0,0,0,0,0,0,0,0,0,0,0,0,0,0,1,0,0,0,0,0,0,0,0,0,0,0,0,0,0,0,0,1,0,0,0,0,0,0,0,0,0,0,0,Speyside,Boat of Garten,394,237,24,57.253832,-3.7627102,f,1873,7
Tulloch,182,1,1,0,1,1,1,1,0,1,0,1,1,0,0,0,0,0,0,0,0,0,0,0,0,0,0,0,0,0,0,0,0,0,0,0,0,0,0,0,0,0,0,0,1,0,1,0,0,0,0,0,0,0,0,0,Speyside,Tulloch,253,182,5,57.204779,-3.6852605,f,1860,11
Giuslich,183,1,1,1,1,1,1,0,1,1,1,1,1,1,0,0,0,0,0,0,0,0,0,0,0,0,0,0,0,0,0,0,0,0,0,0,0,0,0,0,0,0,0,1,1,0,1,0,0,0,0,0,0,0,0,0,Speyside,Giuslich,363,230,9,57.190615,-3.7856788,m,1889,15
Moor of Feshie,184,1,1,1,1,1,1,1,1,1,1,1,1,0,0,1,0,0,0,0,1,0,0,0,1,1,0,0,0,0,0,0,0,0,0,0,0,0,0,0,0,0,0,1,1,0,1,0,0,0,0,0,0,0,0,0,Badenoch,Moor of Feshie,184,94,5,57.128729,-3.869419,m,1867,19
Drumguish,185,1,1,1,1,1,1,1,1,1,1,1,1,0,0,0,0,0,0,0,0,0,0,0,0,0,0,0,0,0,0,0,0,0,0,0,0,0,0,0,0,0,0,1,1,0,1,0,0,0,0,0,0,0,0,0,Badenoch,Drumguish,223,191,2,57.066091,-3.997115,f,1892,15
Loch Buie,186,1,1,1,1,1,1,1,1,1,1,1,1,0,1,1,0,0,0,0,0,0,0,1,0,0,0,0,0,0,0,0,0,0,0,0,0,0,0,0,0,0,0,1,1,0,1,0,0,0,0,0,0,0,0,0,Badenoch,Loch Buie,364,267,2,57.067538,-4.1275052,f,1874,18
Knock of Clune,187,1,1,1,1,1,1,1,1,1,1,1,1,0,0,0,0,0,0,0,0,0,0,0,0,0,0,0,0,0,0,0,0,0,0,0,0,0,0,0,0,0,0,1,1,0,1,0,0,0,0,0,0,0,0,0,Badenoch,Knock of Clune,364,267,2,57.067538,-4.1275052,m,1890,15
Drumgasg,188,0,0,0,NA,0,1,0,0,NA,0,1,NA,NA,0,0,0,1,0,0,NA,0,0,0,0,0,0,0,0,0,0,0,NA,0,0,0,0,0,0,0,0,0,0,1,1,0,1,0,0,NA,0,0,0,0,0,0,Upper Badenoch,Drumgasg,139,107,3,57.007154,-4.2903935,f,1889,6
Braemar,189,0,0,0,0,0,0,0,0,0,0,0,0,0,0,0,0,0,0,0,0,0,0,0,0,0,0,1,0,0,0,0,0,0,0,0,0,0,0,0,0,0,0,0,0,0,0,0,0,0,0,0,0,0,0,0,Aberdeenshire,Braemar,301,82,0,57.000652,-3.4023752,f,1883,1
Blair Atholl,190,1,1,0,0,0,0,0,0,0,0,0,0,0,1,0,0,0,0,0,0,0,0,1,0,0,0,1,0,0,0,0,1,0,0,0,0,0,0,0,0,0,0,0,0,NA,NA,0,0,0,0,0,0,NA,0,0,East Perthshire,Blair Atholl,326,118,0,56.790506,-3.8023399,f,1865,6
Balnabodach,191,1,1,0,NA,1,1,1,1,NA,0,1,1,NA,1,1,0,1,0,0,NA,1,0,1,0,0,1,1,0,0,0,0,1,0,0,0,0,0,0,0,0,0,0,1,0,0,1,0,0,0,0,0,0,0,0,0,North West Perthshire,Balnabodach,489,248,0,56.716465,-3.9458597,m,1873,18
Dunalastair,192,1,1,1,1,0,1,0,1,1,0,1,1,1,0,0,0,1,0,0,0,0,0,0,0,0,0,0,0,0,0,0,NA,0,0,0,0,0,0,0,NA,0,0,1,0,0,1,NA,0,0,0,0,0,0,0,0,North West Perthshire,Dunalastair,547,399,12,56.695852,-4.1081164,m,1879,13
Glenlyon,193,1,1,1,1,1,1,1,1,1,1,1,1,1,1,1,0,1,0,0,0,0,0,1,0,1,0,0,0,0,0,0,1,0,0,0,0,0,0,0,0,0,0,1,0,0,1,0,0,0,0,0,0,0,1,0,North West Perthshire,Carie/ Glenlyon,547,399,12,56.684303,-4.2544202,m,1872,22
Kirkmichael,194,1,1,0,1,0,1,0,0,1,0,1,0,0,0,0,0,0,0,0,0,0,0,0,0,0,0,0,0,0,0,0,0,0,0,0,0,0,0,0,NA,0,0,1,0,NA,NA,NA,0,0,0,0,0,NA,0,0,East Perthshire,Kirkmichael,533,215,0,56.704806,-3.4878825,m,1872,7
Ballinluig,195,0,0,0,1,0,0,0,0,0,0,0,0,0,0,0,0,0,0,0,0,0,0,0,0,0,0,1,0,0,0,0,0,0,0,0,0,0,0,0,0,0,0,0,0,NA,NA,0,0,0,0,0,0,NA,0,0,East Perthshire,Ballinluig,1449,874,5,56.648433,-3.6813811,f,1876,2
Kincragie,196,0,0,0,0,1,1,1,0,1,0,0,0,0,0,0,0,0,0,0,0,0,0,0,0,0,0,1,0,0,0,0,0,0,0,0,0,0,0,0,0,0,0,0,1,NA,NA,0,0,0,0,0,0,NA,0,0,East Perthshire,Kincragie,394,218,1,56.621712,-3.6638938,f,1872,6
Carse,197,1,1,0,1,1,1,1,0,1,0,0,0,0,1,0,0,0,0,0,0,0,0,1,0,0,0,1,0,0,0,0,0,0,0,0,0,0,0,0,0,0,0,0,0,0,1,0,0,0,0,0,0,0,0,0,East Perthshire,Carse,548,417,5,56.612212,-3.9470107,f,1864,11
Fortinghall,198,0,0,0,1,1,0,1,0,1,0,0,0,1,0,0,0,0,0,0,0,0,0,0,0,0,0,0,0,0,0,0,0,0,0,0,0,0,0,0,0,0,0,1,0,0,0,0,0,0,0,0,0,0,0,0,North West Perthshire,Fortinghall,476,388,88,56.598865,-4.0505804,m,1872,6
Woodend,199,0,1,1,1,1,NA,0,0,1,0,NA,1,1,0,0,0,NA,0,0,1,0,0,0,NA,0,0,1,0,0,0,0,0,0,0,0,0,1,0,0,NA,0,0,0,0,0,1,NA,0,1,0,0,0,0,0,0,North West Perthshire,Woodend,297,226,8,56.597098,-4.1026114,f,1899,12
Roroyare,200,1,1,1,1,1,1,1,1,1,1,1,1,1,1,1,1,1,1,0,1,1,0,1,1,1,0,0,0,0,0,0,0,0,0,0,0,0,1,0,0,0,0,1,1,0,1,0,0,0,0,0,0,0,0,0,North West Perthshire,Roroyare,297,226,8,56.59424,-4.265341,m,1873,27
Acharn,201,0,0,0,1,0,NA,0,0,0,0,NA,NA,0,0,0,0,NA,0,0,0,0,0,0,NA,NA,0,1,NA,0,0,0,NA,1,0,0,NA,NA,0,0,NA,0,0,1,0,0,1,NA,0,NA,0,NA,0,0,NA,NA,North West Perthshire,Acharn,1038,702,12,56.562269,-4.0355798,m,1874,5
Carie,202,1,1,0,1,1,1,1,1,1,0,1,1,0,1,0,0,0,0,0,0,0,0,1,0,0,0,0,0,0,0,0,0,0,0,0,0,0,0,0,0,0,0,1,0,0,1,0,0,0,0,0,0,0,0,0,North West Perthshire,Carie,297,226,8,56.505348,-4.211282,f,1884,14
Tullochan,203,1,1,1,1,1,1,1,1,1,1,1,1,1,1,0,0,1,0,0,0,0,0,NA,0,0,0,0,0,NA,0,0,0,0,0,0,NA,0,0,0,0,0,0,1,1,0,1,0,0,0,0,0,0,0,0,0,North West Perthshire,Tullochan,279,242,9,56.487967,-4.1777838,f,1891,18
Wester Lix,204,1,1,1,1,1,1,1,1,1,1,1,1,0,1,1,1,0,1,0,0,0,0,NA,0,0,0,0,0,NA,0,0,1,0,0,0,NA,0,0,0,0,0,0,1,1,0,1,0,0,0,0,0,0,0,0,0,North West Perthshire,Wester Lix,527,359,5,56.43054,-4.3691276,f,1868,20
Tyndrum,205,1,1,1,1,1,1,1,1,1,1,1,1,0,0,0,1,1,1,1,0,0,1,NA,0,0,1,0,0,NA,0,0,0,0,0,0,NA,0,0,0,0,0,0,1,1,0,1,0,0,0,0,0,0,0,0,0,North West Perthshire,Tyndrum,1360,521,53,56.451791,-4.7103921,m,1870,21
Balquidder,206,1,1,0,1,1,1,1,0,1,0,1,0,1,0,0,0,0,0,0,0,1,0,0,0,0,0,0,0,0,0,0,0,0,0,0,0,0,0,0,0,0,0,1,0,0,1,0,0,0,0,0,0,0,0,0,South West Perthshire,Balquidder,728,446,18,56.361495,-4.3792989,m,1875,12
Brig o' Turk,207,0,0,1,1,1,1,1,0,1,0,1,1,1,0,0,0,1,0,0,1,0,0,0,1,0,0,0,0,0,0,0,0,0,0,0,0,0,0,0,NA,0,0,1,0,0,1,NA,0,0,0,0,0,0,0,0,South West Perthshire,Brig o' Turk,302,158,1,56.235708,-4.377542,m,1869,14
